"Package","Version","Use"
"base64enc","0.1-6","grader"
"brio","1.1.5","student"
"bslib","0.12.0","grader"
"cachem","1.1.0","grader"
"callr","3.8.0","student"
"cli","3.6.6","student"
"crayon","1.5.3","student"
"desc","1.4.3","student"
"diffobj","0.3.9","student"
"digest","0.6.39","grader"
"evaluate","1.0.5","student"
"fastmap","1.2.0","grader"
"fontawesome","0.5.3","grader"
"fs","2.1.0","student"
"glue","1.8.1","student"
"highr","0.12","grader"
"htmltools","0.5.9","grader"
"IRdisplay","1.1","grader"
"IRkernel","1.3.2","grader"
"jquerylib","0.1.4","grader"
"jsonlite","2.0.0","student"
"knitr","1.52","grader"
"lifecycle","1.0.5","student"
"magrittr","2.0.5","student"
"memoise","2.0.1","grader"
"mime","0.13","grader"
"otel","0.2.0","student"
"ottr","1.6.0","student"
"pbdZMQ","0.3-14","grader"
"pillar","1.11.1","grader"
"pkgbuild","1.4.8","student"
"pkgload","1.5.3","student"
"praise","1.0.0","student"
"processx","3.9.0","student"
"ps","1.9.3","student"
"R6","2.6.1","student"
"rappdirs","0.3.4","grader"
"repr","1.1.7","grader"
"rlang","1.3.0","student"
"rmarkdown","2.32","grader"
"rprojroot","2.1.1","student"
"sass","0.4.10","grader"
"testthat","3.3.2","student"
"tinytex","0.61","grader"
"utf8","1.2.6","grader"
"uuid","1.2-2","grader"
"vctrs","0.7.3","grader"
"waldo","0.6.2","student"
"withr","3.0.3","student"
"xfun","0.61","grader"
"yaml","2.3.12","grader"
"zip","3.0.2","student"
