"distribution","n","test","power","reps","n_perms"
"Normal",5,"t_test",0.34,300,500
"Normal",5,"permutation",0.313333333333333,300,500
"Normal",10,"t_test",0.636666666666667,300,500
"Normal",10,"permutation",0.626666666666667,300,500
"Normal",15,"t_test",0.806666666666667,300,500
"Normal",15,"permutation",0.816666666666667,300,500
"Normal",20,"t_test",0.94,300,500
"Normal",20,"permutation",0.943333333333333,300,500
"Normal",25,"t_test",0.98,300,500
"Normal",25,"permutation",0.98,300,500
"Normal",30,"t_test",0.986666666666667,300,500
"Normal",30,"permutation",0.986666666666667,300,500
"Skewed",5,"t_test",0.453333333333333,300,500
"Skewed",5,"permutation",0.44,300,500
"Skewed",10,"t_test",0.723333333333333,300,500
"Skewed",10,"permutation",0.716666666666667,300,500
"Skewed",15,"t_test",0.843333333333333,300,500
"Skewed",15,"permutation",0.843333333333333,300,500
"Skewed",20,"t_test",0.91,300,500
"Skewed",20,"permutation",0.91,300,500
"Skewed",25,"t_test",0.976666666666667,300,500
"Skewed",25,"permutation",0.966666666666667,300,500
"Skewed",30,"t_test",0.98,300,500
"Skewed",30,"permutation",0.973333333333333,300,500
"Heavy_tailed",5,"t_test",0.506666666666667,300,500
"Heavy_tailed",5,"permutation",0.5,300,500
"Heavy_tailed",10,"t_test",0.763333333333333,300,500
"Heavy_tailed",10,"permutation",0.76,300,500
"Heavy_tailed",15,"t_test",0.9,300,500
"Heavy_tailed",15,"permutation",0.91,300,500
"Heavy_tailed",20,"t_test",0.933333333333333,300,500
"Heavy_tailed",20,"permutation",0.936666666666667,300,500
"Heavy_tailed",25,"t_test",0.953333333333333,300,500
"Heavy_tailed",25,"permutation",0.963333333333333,300,500
"Heavy_tailed",30,"t_test",0.966666666666667,300,500
"Heavy_tailed",30,"permutation",0.973333333333333,300,500
