Week,Title,Date,#,Lecture,Readings,Links,Homework,Discussion,Lab,Quiz,Survey
1,"Background, Basic Type I Error Rate Estimation",Mon 9/28,,,,,,1. Getting Started with R and R Markdown,,,
,,Tue 9/29,1,Introduction and Background,SPA 2-3,https://bookdown.org/jefftemplewebb/IS-6489/getting-started.html,,,,,
,,Thu 10/1,2,Type I Error Estimation with the t-Test,MD 9.5,https://moderndive.com/v2/hypothesis-testing.html#ht-interpretation,,,,,Welcome Survey
,,Fri 10/2,,,,,,,1. Introduction to R,,
2,Type I Error Rate and Power,Mon 10/5,,,,,,2. Simulations in R,,,
,,Tue 10/6,3,One sample nonparametric tests and Type I Errors,PS 11,https://online.stat.psu.edu/stat500/Lesson11,,,,,
,,Thu 10/8,4,One sample tests and power,DHVS 23,https://jonesor.github.io/BB852_Book/power-analysis-by-simulation.html,,,,,
,,Fri 10/9,,,,,,,2. Type I Error Rate and Power,,
3,Effect Size and A/B Testing,Mon 10/12,,,,,,"3. tidyverse basics (dplyr, ggplot2, etc)",,,
,,Tue 10/13,5,Statistical Significance vs. Effect Size,"Forbes, Guardian","https://www.forbes.com/sites/jvchamary/2015/10/27/bacon-cancer/, https://www.theguardian.com/society/2015/oct/26/bacon-ham-sausages-processed-meats-cancer-risk-smoking-says-who",,,,,
,,Thu 10/15,6,A/B Testing Principles and t-Test vs. Permutation Test,"Jalapic, Medium, data36, Unbounce","https://jalapic.github.io/introstats/permutation-testing.html, https://medium.com/thedeephub/permutation-test-a-robust-alternative-to-traditional-statistical-tests-2b8784554547, https://data36.com/statistical-significance-in-ab-testing/, https://unbounce.com/landing-page-articles/what-is-ab-testing/",1. One Sample Type I Errors and Power,,,,
,,Fri 10/16,,,,,,,"3. Effect Size, A/B Testing",,
4,Multiple Linear Regression,Mon 10/19,,,,,,,,1. Quiz 1 covers Lectures 1-5,
,,Tue 10/20,7,Statistical Inference for Simple Linear Regression,"MD 10, SPA 6.12-6.13","https://moderndive.com/v2/inference-for-regression.html, https://bookdown.org/jefftemplewebb/IS-6489/linear-regression.html#inference-in-the-context-of-regression",,,,,
,,Thu 10/22,8,Statistical Inference for Multiple Linear Regression,HRM 4.3,https://peopleanalytics-regression-book.org/linear_regression.html#sec-multiple-linear-regression,,,,,Mid-Quarter Survey
,,Fri 10/23,,,,,,,4. Type I Error rates and power in Regression,,
5,Interaction,Mon 10/26,,,,,,4. HW1 and Quiz 1 review,,,
,,Tue 10/27,9,Model Diagnostics in Regression ,HRM 4.5,https://peopleanalytics-regression-book.org/linear_regression.html#testing-your-model-assumptions,,,,,
,,Thu 10/29,10,Categorical Predictor Variables,HRM 4.4.3,https://peopleanalytics-regression-book.org/linear_regression.html#transforming-categorical-inputs-to-dummy-variables,,,,,
,,Fri 10/30,,,,,,,"5. Model Diagnostics, Dummy Variables",,
6,"Model Selection, Logistic Regression",Mon 11/2,,,,,,5. Extra Office Hours,,,
,,Tue 11/3,11,Interaction Terms: Interpretation and Inference ,HRM 4.6.1,https://peopleanalytics-regression-book.org/linear_regression.html#interactions-between-input-variables,,,,,
,,Thu 11/5,12,Interaction Terms: Inference and Diagnostics,,,2. Inference in Regression,,,,
,,Fri 11/6,,,,,,,6. Interaction Terms,,
7,"Transformations, Model Selection, Logistic Regression",Mon 11/9,,,,,,,,2. Quiz 2 covers Lectures 6-11,
,,Tue 11/10,13,Transformations of Variables,"IS 6.15, 6.16","https://bookdown.org/jefftemplewebb/IS-6489/linear-regression.html#centering-and-scaling, https://bookdown.org/jefftemplewebb/IS-6489/linear-regression.html#log-transformation",,,,,
,,Thu 11/12,14,Pitfalls of Mixing Model Selection with Inference,Berk 2013,https://dsc152.com/resources/references/Berk2013_post-selection.pdf,,,,,
,,Fri 11/13,,,,,,,"7. Transformations, Model Selection and Inference",,
8,Logistic Regression,Mon 11/16,,,,,,6. HW2 and Quiz 2 review,,,
,,Tue 11/17,15,Introduction to Logistic Regression,"IS 8, HRM 5","https://bookdown.org/jefftemplewebb/IS-6489/logistic-regression.html, https://peopleanalytics-regression-book.org/binomial_logistic_regression.html",,,,,
,,Thu 11/19,16,Statistical Inference for Logistic Regression,"IS 8, HRM 5","https://bookdown.org/jefftemplewebb/IS-6489/logistic-regression.html, https://peopleanalytics-regression-book.org/binomial_logistic_regression.html",,,,,
,,Fri 11/20,,,,,,,8. Logistic Regression,,
9,Time Series,Mon 11/23,,,,,,7. Extra Office Hours,,,
,,Tue 11/24,17,Introduction to Time Series,TSR 4-6,"https://nicolarighetti.github.io/Time-Series-Analysis-With-R/basic-concepts.html, ",,,,,
10,Time Series,Mon 11/30,,,,,,,9. Poker and Slot Machines: Model Selection and other considerations,,
,,Tue 12/1,18,Time Series Regression,TSR 8-9,https://nicolarighetti.github.io/Time-Series-Analysis-With-R/correlations-and-arima.html,"3. Logistic Regression, Interaction Terms, Model Selection",,,,
,,Thu 12/3,19,Time Series Models,RC 14.13-14.20,https://rc2e.com/timeseriesanalysis#recipe-id082,,,,,SETs (due 8AM)
,,Thu 12/10,,Final Exam (3-6pm),,,,,,,